id,name,group,description,themes,source
1,Horizontal gene transfer,Microbial,Bacteria acquire functional genes directly from unrelated lineages rather than from parents.,Knowledge transfer; Absorptive capacity; Boundaries of the firm,
2,Quorum sensing,Microbial,"Cells stay silent until a chemical concentration signals that enough peers are present, then act together.",Collective action; Decision making; Coordination,
3,Persister cells,Microbial,A tiny dormant subpopulation survives antibiotics not by resistance but by doing nothing.,Organizational slack; Resilience; Adaptation,
4,Toxin-antitoxin addiction modules,Microbial,"A plasmid encodes a stable poison and an unstable antidote, so any cell that discards it dies.",Governance; Agency and incentives; Resource dependence,
5,Bacterial competence under stress,Microbial,Some species only open their membranes to foreign DNA when starving or damaged.,Absorptive capacity; Crisis management; Organizational learning,
6,CRISPR adaptive immunity,Microbial,Bacteria store fragments of past viral attackers as a searchable genomic archive.,Organizational memory; Organizational learning; Crisis management,
7,Restriction-modification systems,Microbial,Cells methylate their own DNA so an enzyme can shred anything unmarked as self.,Organizational identity; Boundaries of the firm; Selection and staffing,
8,Kin discrimination in swarming Bacillus,Microbial,Two swarms of near-identical bacteria meeting will form a visible boundary rather than merge.,Mergers and acquisitions; Organizational identity; Coordination,
9,Biofilm formation,Microbial,"Free-swimming cells settle, secrete a shared matrix, and differentiate into specialized layers.",Boundaries of the firm; Organizational design; Ecosystems and platforms,
10,Public goods cheating in microbial colonies,Microbial,Non-producers exploit costly secreted enzymes made by neighbors and can crash the colony.,Cooperation; Governance; Agency and incentives,
11,Lysogeny versus lysis in bacteriophages,Microbial,A virus can integrate silently into the host genome for generations or kill it immediately.,Strategy; Temporality and timing; Mergers and acquisitions,
12,Bacterial sporulation,Microbial,Cells build a near-indestructible dormant capsule and abandon metabolism entirely.,Resilience; Organizational decline; Adaptation,
13,Magnetotactic bacteria,Microbial,Cells build internal magnetite chains and orient passively along geomagnetic field lines.,Coordination; Organizational design; Leadership,
14,Chemotaxis by biased random walk,Microbial,"Bacteria cannot sense direction, only change over time, and bias their tumbling accordingly.",Search and attention; Decision making; Organizational learning,
15,Programmed cell death (apoptosis),Microbial,Cells run an orderly self-destruct routine that protects the larger system.,Exit and divestiture; Organizational design; Governance,
16,Anastasis,Microbial,Cells partway through apoptosis can reverse course and recover if the signal is withdrawn.,Exit and divestiture; Organizational change; Decision making,
17,Cellular senescence and SASP,Microbial,Aged cells stop dividing but stay alive emitting inflammatory signals that damage neighbors.,Organizational decline; Exit and divestiture; Organizational pathology,
18,Contact inhibition,Microbial,Normal cells halt division when they touch enough neighbors.,Growth and scaling; Organizational design; Competitive dynamics,
19,Loss of contact inhibition in tumors,Microbial,Cancer cells ignore crowding cues and keep proliferating into neighboring tissue.,Power and politics; Growth and scaling; Organizational pathology,
20,Endosymbiosis,Microbial,"An engulfed bacterium became a permanent organelle, shedding most of its own genome.",Mergers and acquisitions; Routines and capabilities; Boundaries of the firm,
21,Slime mould network optimization,Microbial,"Physarum grows a foraging network that converges on efficient, fault-tolerant topologies with no brain.",Coordination; Organizational design; Interorganizational networks,
22,Dictyostelium aggregation and stalk sacrifice,Microbial,Starving amoebae fuse into a slug; a fifth become a dead stalk so the rest can disperse.,Collective action; Cooperation; Teams and groups,
23,Antibiotic tolerance versus resistance,Microbial,Tolerance buys time by slowing down; resistance changes the target. They have different economics.,Adaptation; Resilience; Strategy,
24,Microbial syntrophy,Microbial,Two species each perform a reaction that is thermodynamically impossible without the other.,Alliances; Resource dependence; Cooperation,
25,Viral quasispecies,Microbial,"A virus population exists as a mutant cloud, not a type, and selection acts on the cloud.",Evolutionary theory; Adaptation; Routines and capabilities,
26,Error catastrophe threshold,Microbial,Above a critical mutation rate a viral population loses its information and collapses.,Innovation; Exploration and exploitation; Risk and uncertainty,
27,Mycorrhizal networks,Fungal,"Fungal filaments link separate trees, moving carbon and warning signals between them.",Interorganizational networks; Knowledge transfer; Resource allocation,
28,Ophiocordyceps zombie-ant manipulation,Fungal,"A fungus rewires ant behavior to make it climb, bite, and die where the fungus reproduces.",Institutional theory; Power and politics; Agency and incentives,
29,Lichen symbiosis,Fungal,"Fungus and alga form a composite with a name, form, and ecology none of the partners has alone.",Alliances; Organizational identity; Boundaries of the firm,
30,Armillaria clonal expansion,Fungal,A single genetic individual spreads underground across thousands of acres for millennia.,Growth and scaling; Organizational design; Boundaries of the firm,
31,Hyphal anastomosis,Fungal,"Growing filaments fuse on contact, converting separate foraging fronts into one shared network.",Interorganizational networks; Mergers and acquisitions; Exploration and exploitation,
32,Truffle chemical mimicry,Fungal,Underground fruit bodies emit mammalian-like pheromones to recruit animals as dispersers.,Signaling; Ecosystems and platforms; Impression management,
33,Fungal hyphal foraging memory,Fungal,"Networks reinforce productive branches and abandon others, encoding history in their shape.",Path dependence; Organizational memory; Resource allocation,
34,Yeast petite mutants,Fungal,Respiration-deficient yeast grow faster on sugar and can outcompete healthier cells short term.,Competitive dynamics; Organizational ecology; Temporality and timing,
35,Leafcutter ant fungus gardens,Fungal,"Ants farm a fungus, feed it leaves they cannot digest, and host bacteria that make antibiotics for it.",Alliances; Boundaries of the firm; Ecosystems and platforms,
36,Sclerotia formation,Fungal,Fungi compress into hardened resting masses that survive years and germinate on cue.,Organizational slack; Resilience; Temporality and timing,
37,Masting,Plant,"Whole forests synchronize seed production in rare massive pulses, starving then swamping predators.",Temporality and timing; Competitive dynamics; Collective action,
38,Allelopathy,Plant,Plants release chemicals that suppress germination of competitors nearby.,Competitive dynamics; Strategy; Power and politics,
39,Serotiny,Plant,Cones stay sealed with resin for decades and open only in the heat of a fire.,Crisis management; Temporality and timing; Routines and capabilities,
40,Persistent soil seed banks,Plant,"Viable seeds wait decades underground, germinating in staggered cohorts rather than all at once.",Exploration and exploitation; Risk and uncertainty; Resource allocation,
41,Resurrection plants,Plant,"Some plants lose 95 percent of their water, appear dead for years, and rehydrate in hours.",Resilience; Organizational decline; Adaptation,
42,Hydraulic redistribution,Plant,"Deep roots pull water at night and release it into dry shallow soil, subsidizing the whole root zone and neighbors.",Resource allocation; Organizational design; Interorganizational networks,
43,Pando aspen clone,Plant,Thousands of apparently separate trees are one organism sharing a single root system.,Boundaries of the firm; Growth and scaling; Organizational design,
44,Carnivorous plants,Plant,Plants in nutrient-poor bogs obtain nitrogen by trapping animals instead of via roots.,Strategy; Innovation; Resource dependence,
45,Mimosa habituation,Plant,"Repeatedly dropped plants stop folding their leaves, and remember the harmless stimulus for weeks.",Organizational learning; Reliability and safety; Search and attention,
46,Herbivore-induced volatiles,Plant,Attacked plants emit airborne chemicals that prime the defenses of unrelated neighbors.,Signaling; Communication; Crisis management,
47,Extrafloral nectaries,Plant,Plants pay ants in sugar to patrol their leaves and attack herbivores.,Boundaries of the firm; Alliances; Governance,
48,Strangler figs,Plant,"A seedling germinates in a host tree's canopy, roots downward, and eventually replaces the host structurally.",Ecosystems and platforms; Competitive dynamics; Entrepreneurship,
49,Epiphytes,Plant,"Plants live entirely on other plants without parasitizing them, using only their structural position.",Ecosystems and platforms; Resource dependence; Strategy,
50,Myrmecophyte domatia,Plant,Plants grow hollow chambers specifically to house colonies of defending ants.,Alliances; Organizational design; Ecosystems and platforms,
51,Crown shyness,Plant,"Adjacent tree canopies stop growing just short of touching, leaving visible channels of sky.",Coordination; Power and politics; Rules and bureaucracy,
52,CODIT compartmentalization,Plant,Trees do not heal wounds; they wall off damaged tissue and grow around it permanently.,Crisis management; Organizational pathology; Organizational design,
53,Xylem cavitation cascades,Plant,One air bubble in a water column can propagate and disable an entire hydraulic pathway.,Reliability and safety; Risk and uncertainty; Interorganizational networks,
54,Vernalization,Plant,Many plants will not flower unless they have first experienced a prolonged cold period.,Organizational change; Temporality and timing; Adaptation,
55,Thigmomorphogenesis,Plant,Wind-shaken stems grow shorter and thicker; trees grown without stress fall over.,Resilience; Adaptation; Stress and wellbeing,
56,Reaction wood,Plant,Trees lay down asymmetric tissue on one side to counteract a persistent directional load.,Adaptation; Routines and capabilities; Competitive dynamics,
57,Cleistogamy,Plant,Some plants make cheap closed self-pollinating flowers alongside costly open ones.,Exploration and exploitation; Resource allocation; Boundaries of the firm,
58,Holoparasitic plants,Plant,"Rafflesia and dodder lost photosynthesis, roots, and most of their genome, retaining only host attachment.",Boundaries of the firm; Routines and capabilities; Resource dependence,
59,Nurse plant facilitation,Plant,Seedlings survive only in the shade of established plants they will later outcompete.,Entrepreneurship; Ecosystems and platforms; Competitive dynamics,
60,Heterophylly,Plant,One plant produces structurally different leaves above and below water on the same stem.,Exploration and exploitation; Organizational design; Adaptation,
61,Mangrove viviparity,Plant,Seeds germinate while still attached to the parent and drop as established seedlings.,Spinoffs; Entrepreneurship; Resource allocation,
62,Gall induction,Plant,An insect chemically hijacks plant development to build itself a custom-made nutritive shelter.,Power and politics; Resource dependence; Boundaries of the firm,
63,Aerenchyma formation,Plant,Flooded roots kill selected cells to create internal air channels to the surface.,Organizational design; Crisis management; Communication,
64,Cladoptosis,Plant,Trees actively shed whole living branches that no longer pay for themselves.,Exit and divestiture; Routines and capabilities; Resource allocation,
65,Bamboo semelparous mass flowering,Plant,"Entire bamboo populations flower once after over a century, seed, and die together.",Temporality and timing; Organizational ecology; Imprinting,
66,Corpse flower rare bloom,Plant,Years of underground accumulation produce a single enormous short-lived flower.,Temporality and timing; Impression management; Resource allocation,
67,Skototropism,Plant,"Some vines grow toward darkness, because darkness indicates a large trunk worth climbing.",Search and attention; Decision making; Strategy,
68,Halophyte salt excretion,Plant,Salt-tolerant plants take in toxic ions and actively pump them out through specialized glands.,Adaptation; Resource allocation; Strategy,
69,Honeybee nest-site quorum,Insect,"Scouts advertise sites, cross-inspect rivals' finds, and commit only when a quorum gathers at one.",Decision making; Collective action; Teams and groups,
70,Tremble dance,Insect,"Foragers signal that nectar processing capacity is saturated, throttling further recruitment.",Coordination; Communication; Growth and scaling,
71,Stigmergy,Insect,"Termites and ants coordinate by modifying a shared environment, not by communicating with each other.",Coordination; Organizational memory; Communication,
72,Ant death spiral,Insect,Ants that lose the trail's end follow each other in a closed circle until they die of exhaustion.,Organizational pathology; Rules and bureaucracy; Routines and capabilities,
73,Tandem running,Insect,"One ant leads another to a resource, slowing when the follower falls behind and waiting for contact.",Organizational learning; Careers and mobility; Teams and groups,
74,Slave-making ants,Insect,Polyergus raids other colonies for brood and cannot feed itself without the captured workers.,Selection and staffing; Routines and capabilities; Resource dependence,
75,Honeypot ant repletes,Insect,"Some workers become immobile living storage vessels, gorged and hanging from the ceiling.",Organizational slack; Resource allocation; Selection and staffing,
76,Reserve inactive workers,Insect,A large fraction of ant colonies is persistently inactive and mobilizes only when demand spikes.,Organizational slack; Resilience; Teams and groups,
77,Temporal polyethism,Insect,"Bees move through fixed job sequences by age, from nursing to guarding to foraging.",Careers and mobility; Organizational design; Status and hierarchy,
78,Termite mound passive ventilation,Insect,"Mound geometry drives air exchange using only external temperature swings, with no active control.",Organizational design; Coordination; Rules and bureaucracy,
79,Army ant self-assembly bridges,Insect,"Individual ants lock together to form living bridges, and adjust size to traffic and detour cost.",Coordination; Teams and groups; Organizational design,
80,Bee balling of hornets,Insect,"Honeybees surround an intruder and vibrate until it overheats, at temperatures they barely survive.",Collective action; Crisis management; Cooperation,
81,Genetic diversity and hive thermoregulation,Insect,"Multiply mated queens produce workers with staggered temperature thresholds, smoothing hive climate.",Diversity; Reliability and safety; Teams and groups,
82,Locust phase polyphenism,Insect,Crowding transforms solitary green grasshoppers into gregarious swarming locusts within hours.,Organizational identity; Organizational change; Collective action,
83,Periodical cicada prime-number cycles,Insect,"Broods emerge every 13 or 17 years, cycles too long and indivisible for predators to track.",Temporality and timing; Competitive dynamics; Strategy,
84,Aphid sterile soldier castes,Insect,Genetically identical clones produce a defensive caste that will never reproduce.,Cooperation; Agency and incentives; Organizational design,
85,Cuckoo bumblebee usurpation,Insect,A parasitic queen kills the resident queen and directs the existing workforce to raise her own brood.,Succession; Power and politics; Leadership,
86,Ant propaganda substances,Insect,Raiding ants release chemicals that trigger panic and disorganization in the defending colony.,Deception and misconduct; Competitive dynamics; Communication,
87,Bolas spider aggressive mimicry,Insect,"The spider emits a counterfeit moth sex pheromone, tuned to the species flying that hour.",Deception and misconduct; Signaling; Strategy,
88,Necrophoresis,Insect,"Ants carry out any nestmate bearing oleic acid, including live ones artificially daubed with it.",Selection and staffing; Rules and bureaucracy; Exit and divestiture,
89,Royal jelly caste determination,Insect,Identical larvae become queens or workers based purely on what they are fed.,Careers and mobility; Status and hierarchy; Resource allocation,
90,Fig-wasp sanctions,Insect,"Fig trees abort fruit from wasps that fail to pollinate, enforcing an obligate mutualism.",Governance; Alliances; Trust and opportunism,
91,Buzz pollination,Insect,Only bees that vibrate at the right frequency can extract pollen from certain flowers.,Routines and capabilities; Competitive dynamics; Innovation,
92,Colony fission,Insect,New colonies form by splitting off with a queen and a workforce rather than by a lone founder.,Spinoffs; Entrepreneurship; Routines and capabilities,
93,Synchronous firefly flashing,Insect,Thousands of independent oscillators phase-lock into unison with no conductor.,Coordination; Isomorphism; Temporality and timing,
94,Bombardier beetle chemical defense,Insect,Two harmless stored chemicals are combined in a reaction chamber and fired as a boiling pulsed spray.,Routines and capabilities; Crisis management; Strategy,
95,Weaver ant use of larval silk,Insect,Adults hold their own larvae like glue guns to stitch leaves into nests.,Resource allocation; Careers and mobility; Organizational design,
96,Ant nest relocation with dissent,Insect,Some ants continue transporting nestmates back to the abandoned nest after a move is decided.,Decision making; Organizational change; Power and politics,
97,Dung beetle celestial navigation,Insect,"Beetles roll dung in a straight line by orienting to the Milky Way, ignoring local landmarks.",Strategy; Decision making; Search and attention,
98,Turritopsis transdifferentiation,Marine,An adult jellyfish under stress reverts to its juvenile polyp stage and starts over.,Organizational change; Organizational decline; Adaptation,
99,Siphonophore colonial architecture,Marine,What looks like one animal is a colony of specialized clonal zooids that cannot survive alone.,Modularity; Boundaries of the firm; Organizational design,
100,Coral symbiont shuffling,Marine,Stressed corals expel their algae and can recruit more heat-tolerant strains instead.,Alliances; Adaptation; Crisis management,
101,Coral bleaching,Marine,Under heat stress the coral ejects the symbionts that supply most of its energy and often dies.,Crisis management; Organizational decline; Alliances,
102,Sea cucumber evisceration,Marine,The animal expels its own internal organs at a predator and regrows them over weeks.,Exit and divestiture; Crisis management; Resilience,
103,Octopus arm autonomy,Marine,"Two thirds of the neurons are in the arms, which solve local problems without central instruction.",Organizational design; Decision making; Coordination,
104,Octopus RNA editing,Marine,"Cephalopods rewrite their own RNA extensively, adapting proteins without genetic change.",Adaptation; Routines and capabilities; Organizational change,
105,Anglerfish sexual parasitism,Marine,"The tiny male fuses permanently into the female, losing his organs and becoming a gonad on her body.",Mergers and acquisitions; Boundaries of the firm; Resource dependence,
106,Cleaner wrasse markets,Marine,"Cleaner fish run stations, serve queues, and give better service when other clients are watching.",Reputation; Trust and opportunism; Governance,
107,Cleaner fish cheating and punishment,Marine,"Cleaners occasionally bite clients; clients chase or switch stations, and cleaners then behave.",Trust and opportunism; Governance; Cooperation,
108,Grouper and moray cooperative hunting,Marine,"A grouper signals with a headstand to recruit a moray, exploiting complementary hunting styles.",Alliances; Cooperation; Communication,
109,Sea squirt neural resorption,Marine,"The free-swimming larva finds a rock, attaches permanently, and digests its own brain.",Path dependence; Exploration and exploitation; Search and attention,
110,Semelparous salmon homing,Marine,"Salmon navigate back to their natal stream, spawn once, and die.",Path dependence; Strategy; Risk and uncertainty,
111,Sequential hermaphroditism,Marine,"In clownfish, the largest fish becomes female when the incumbent dies; the change is irreversible.",Succession; Careers and mobility; Status and hierarchy,
112,Sea star regeneration from fragments,Marine,A severed arm with part of the central disc can regrow an entire animal.,Spinoffs; Resilience; Routines and capabilities,
113,Bdelloid rotifer survival without sex,Marine,An entire asexual lineage persists for millions of years by desiccating and absorbing foreign DNA.,Absorptive capacity; Adaptation; Organizational ecology,
114,Tardigrade cryptobiosis,Marine,"Animals suspend metabolism entirely, surviving vacuum, radiation, and decades of drought.",Resilience; Organizational slack; Adaptation,
115,Whale fall succession,Marine,A single carcass supports a decades-long sequence of distinct specialist communities.,Organizational ecology; Organizational decline; Ecosystems and platforms,
116,Hydrothermal vent chemosynthesis,Marine,Whole ecosystems run on chemical energy with no sunlight and no connection to surface productivity.,Innovation; Strategy; Organizational ecology,
117,Mimic octopus,Marine,"One animal impersonates lionfish, sea snakes, and flatfish depending on the threat present.",Organizational identity; Impression management; Legitimacy,
118,Cuttlefish dual-sided signaling,Marine,A male displays courtship colors on the side facing a female and male camouflage on the other.,Impression management; Signaling; Deception and misconduct,
119,Decorator crab camouflage,Marine,The crab attaches living sponges and algae to its shell to acquire an appearance it cannot grow.,Legitimacy; Impression management; Isomorphism,
120,Cymothoa tongue replacement,Marine,A parasitic isopod destroys a fish's tongue and then functions as the tongue itself.,Resource dependence; Boundaries of the firm; Routines and capabilities,
121,Kleptoplasty in sea slugs,Marine,Elysia digests algae but keeps the chloroplasts alive inside itself and photosynthesizes for months.,Routines and capabilities; Absorptive capacity; Resource dependence,
122,Nudibranch nematocyst theft,Marine,Sea slugs eat stinging cells and relocate them undischarged into their own defensive tips.,Routines and capabilities; Innovation; Absorptive capacity,
123,Rhizocephalan barnacle castration,Marine,"A parasite invades a crab, sterilizes it, and makes it care for the parasite's brood as its own.",Resource allocation; Power and politics; Agency and incentives,
124,Diel vertical migration,Marine,The largest daily animal movement on earth is plankton commuting to avoid visual predators.,Temporality and timing; Competitive dynamics; Collective action,
125,Selfish herd bait balls,Marine,Fish crowd toward the center not for defense but to place others between themselves and danger.,Risk and uncertainty; Collective action; Cooperation,
126,Topological schooling rules,Marine,"Fish and birds track a fixed number of neighbors regardless of distance, giving scale-free coherence.",Coordination; Organizational design; Search and attention,
127,Dinoflagellate burglar alarm,Marine,"Disturbed plankton flash, illuminating their attacker for the attacker's own predator.",Governance; Crisis management; Signaling,
128,Counterillumination,Marine,Squid emit light on their underside to erase their silhouette against the surface.,Impression management; Signaling; Legitimacy,
129,Remora attachment,Marine,Fish attach to sharks for transport and scraps without paying and without harming the host.,Ecosystems and platforms; Resource dependence; Strategy,
130,Mantis shrimp cavitation strike,Marine,"Energy stored in a latch mechanism releases faster than muscle allows, boiling the water.",Routines and capabilities; Organizational design; Temporality and timing,
131,Salp chain colonies,Marine,"Solitary individuals bud into long clonal chains, scaling population explosively when food allows.",Growth and scaling; Modularity; Organizational ecology,
132,Vampire squid detritivory,Marine,It survives in oxygen minimum zones by drifting and collecting marine snow with minimal energy.,Strategy; Organizational ecology; Resource allocation,
133,Brood parasitism and egg rejection,Bird,Cuckoos lay in others' nests; hosts evolve discrimination; cuckoos evolve better forgeries.,Trust and opportunism; Selection and staffing; Competitive dynamics,
134,Cuckoo chick eviction,Bird,The parasite hatches first and pushes out the host's own eggs while the host keeps feeding it.,Mergers and acquisitions; Power and politics; Resource allocation,
135,Bowerbird construction,Bird,"Males build and decorate elaborate structures they never live in, purely as display.",Signaling; Impression management; Legitimacy,
136,Lyrebird mimicry,Bird,"Males reproduce chainsaws, shutters, and other species' songs as a repertoire display.",Signaling; Routines and capabilities; Impression management,
137,Obligate vulture scavenging,Bird,"Vultures specialize entirely on carrion, with acids that neutralize pathogens others cannot handle.",Strategy; Organizational ecology; Routines and capabilities,
138,Honeyguide-human mutualism,Bird,Wild birds lead specific human groups to hives in response to a learned human call.,Alliances; Cooperation; Institutional theory,
139,Skua kleptoparasitism,Bird,Skuas harass other seabirds until they surrender their catch rather than fishing themselves.,Competitive dynamics; Strategy; Trust and opportunism,
140,Emperor penguin huddle rotation,Bird,Birds continually cycle from the freezing periphery into the warm core in a fair traveling wave.,Cooperation; Teams and groups; Governance,
141,Corvid re-caching under observation,Bird,"Jays that were watched while hiding food return later and move it, but only if they have stolen themselves.",Knowledge transfer; Trust and opportunism; Organizational learning,
142,New Caledonian crow tool manufacture,Bird,Crows make hooked tools with regional design variants that accumulate refinements over time.,Innovation; Organizational learning; Organizational culture,
143,Starling murmuration,Bird,Coherent aerial waves emerge from each bird tracking roughly seven neighbors.,Coordination; Communication; Organizational design,
144,Megapode mound incubation,Bird,Birds bury eggs in decomposing vegetation and regulate temperature by adding or removing material.,Organizational design; Routines and capabilities; Ecosystems and platforms,
145,Helpers at the nest,Bird,"Grown offspring delay dispersal to raise siblings, inheriting the territory later.",Succession; Careers and mobility; Cooperation,
146,Drongo false alarm calls,Bird,"Drongos mimic others' alarm calls to scatter them and steal food, and switch calls when ignored.",Deception and misconduct; Signaling; Reputation,
147,Dear enemy effect,Bird,Territorial birds respond mildly to familiar neighbors and aggressively to strangers.,Competitive dynamics; Trust and opportunism; Status and hierarchy,
148,Song dialects,Bird,Local populations develop and maintain distinct song variants across short distances.,Organizational culture; Organizational identity; Communication,
149,Albatross divorce under stress,Bird,"Long-monogamous pairs separate more frequently in warm-water years, even after successful breeding.",Alliances; Stress and wellbeing; Organizational change,
150,Arctic tern migration,Bird,"The bird flies pole to pole annually, following winds rather than the direct route.",Strategy; Resource allocation; Temporality and timing,
151,Bar-headed goose high altitude flight,Bird,Physiology tuned for oxygen extraction lets it cross the Himalaya at heights that ground other birds.,Routines and capabilities; Competitive dynamics; Strategy,
152,Woodpecker impact tolerance,Bird,Cranial architecture allows repeated high-deceleration strikes as a routine working condition.,Reliability and safety; Organizational design; Resilience,
153,Prairie dog referential alarm calls,Bird,"Calls encode predator type, size, and even color of a human's clothing.",Communication; Reliability and safety; Crisis management,
154,Anting,Bird,Birds deliberately place ants in their feathers so formic acid handles their parasites.,Boundaries of the firm; Routines and capabilities; Risk and uncertainty,
155,Hoatzin wing claws,Bird,"Chicks have functional claws on their wings, lost in adulthood, used to climb after falling into water.",Routines and capabilities; Entrepreneurship; Path dependence,
156,Naked mole-rat eusociality,Mammal,A single breeding female suppresses reproduction in a colony of sterile specialized workers underground.,Status and hierarchy; Organizational design; Careers and mobility,
157,Negligible senescence,Mammal,Naked mole-rats show no rise in mortality with age and near-total cancer resistance.,Organizational decline; Resilience; Organizational ecology,
158,Vampire bat food sharing,Mammal,"Bats regurgitate blood to unrelated roostmates who fed them before, tracking individual histories.",Cooperation; Trust and opportunism; Interorganizational networks,
159,Meerkat sentinel rotation,Mammal,Individuals take turns in an exposed watching role that pays them nothing directly.,Cooperation; Reliability and safety; Teams and groups,
160,Meerkat graded teaching,Mammal,"Adults give pups dead scorpions, then disabled ones, then live ones, calibrated to pup age.",Organizational learning; Careers and mobility; Teams and groups,
161,Embryonic diapause,Mammal,A fertilized embryo pauses development for months until conditions favor gestation.,Temporality and timing; Resource allocation; Exploration and exploitation,
162,Hibernation and torpor,Mammal,"Metabolic rate drops by over 90 percent for months, with periodic costly arousals.",Organizational slack; Organizational decline; Resilience,
163,Antler shedding and regrowth,Mammal,Deer discard and completely rebuild a large complex organ annually.,Routines and capabilities; Organizational change; Temporality and timing,
164,Elephant matriarch ecological memory,Mammal,"Older matriarchs recall distant water sources used decades ago, and their groups survive droughts better.",Organizational memory; Leadership; Crisis management,
165,Orca menopause,Mammal,Females stop reproducing decades before death and lead groups to food during scarcity.,Leadership; Succession; Organizational memory,
166,Orca population-specific hunting cultures,Mammal,"Neighboring, genetically similar groups have incompatible diets, dialects, and techniques and do not mix.",Organizational culture; Organizational identity; Mergers and acquisitions,
167,Humpback song revolutions,Mammal,A new song variant spreads across an ocean basin within a few years and fully replaces the old one.,Isomorphism; Organizational culture; Organizational change,
168,Bat colony information centers,Mammal,"Unsuccessful foragers follow successful ones out, making the roost an information exchange.",Knowledge transfer; Search and attention; Organizational design,
169,Elephant seal reproductive skew,Mammal,A handful of males monopolize almost all matings; the rest get nothing.,Status and hierarchy; Agency and incentives; Competitive dynamics,
170,Chimpanzee coalitionary politics,Mammal,"Alpha status depends on alliances, and low-ranking males can be kingmakers.",Power and politics; Leadership; Status and hierarchy,
171,Baboon culture shift after selective mortality,Mammal,"When the most aggressive males died from contaminated meat, the troop's culture changed permanently and transmitted to immigrants.",Organizational culture; Organizational change; Selection and staffing,
172,Spotted hyena rank inheritance,Mammal,"Cubs inherit maternal rank directly, independent of size or fighting ability.",Status and hierarchy; Careers and mobility; Power and politics,
173,Wolf dispersal and lone wolves,Mammal,"Individuals leave established packs to search for territory, with high mortality and high payoff.",Entrepreneurship; Careers and mobility; Risk and uncertainty,
174,Beaver ecosystem engineering,Mammal,"Beavers rebuild hydrology to suit themselves, creating habitats that outlive them.",Institutional entrepreneurship; Ecosystems and platforms; Strategy,
175,Sloth low-metabolism niche,Mammal,Extremely slow metabolism supports an entire micro-ecosystem in the fur and evades visual predators.,Strategy; Organizational ecology; Resource allocation,
176,Giraffe pressure regulation,Mammal,Specialized vasculature manages blood pressure differences that would otherwise be fatal.,Growth and scaling; Organizational design; Reliability and safety,
177,Camel physiological tolerance,Mammal,Body temperature and hydration are allowed to swing widely rather than being tightly regulated.,Resilience; Rules and bureaucracy; Adaptation,
178,Honey badger risk tolerance,Mammal,Venom resistance and thick skin support behavior that would be suicidal for other animals.,Risk and uncertainty; Strategy; Routines and capabilities,
179,Opossum thanatosis,Mammal,"The animal enters an involuntary catatonic state, complete with smell of decay, until threat passes.",Crisis management; Strategy; Organizational decline,
180,Muskox defensive circle,Mammal,Adults form an outward-facing ring around the young when attacked.,Crisis management; Teams and groups; Cooperation,
181,Platypus electroreception,Mammal,"The bill senses electrical fields, giving a sensory channel no competitor in its range possesses.",Routines and capabilities; Competitive dynamics; Search and attention,
182,Silver fox domestication experiment,Mammal,"Selecting only for tameness produced floppy ears, spots, and altered hormones within decades.",Selection and staffing; Organizational culture; Diversity,
183,Island dwarfism and gigantism,Mammal,Isolated populations converge toward intermediate body sizes regardless of ancestry.,Organizational ecology; Isomorphism; Growth and scaling,
184,Cane toad spatial sorting,Mammal,"The invasion front is populated by the fastest dispersers, whose offspring are faster still.",Growth and scaling; Organizational ecology; Selection and staffing,
185,Social buffering in rats,Mammal,The presence of a familiar conspecific measurably blunts physiological stress responses.,Stress and wellbeing; Teams and groups; Cooperation,
186,Bowhead whale longevity,Mammal,Individuals live over two centuries with functioning DNA repair and low cancer incidence.,Organizational decline; Resilience; Reliability and safety,
187,Red Queen dynamics,Ecology,Continuous adaptation is required merely to hold constant relative fitness.,Competitive dynamics; Adaptation; Strategy,
188,Character displacement,Ecology,Species overlapping in range diverge in traits more than where they occur alone.,Competitive dynamics; Strategy; Organizational ecology,
189,Ecological succession,Ecology,Pioneer species alter conditions in ways that make themselves obsolete and admit later species.,Organizational ecology; Entrepreneurship; Temporality and timing,
190,Keystone species,Ecology,A low-abundance actor whose removal restructures an entire community.,Power and politics; Ecosystems and platforms; Interorganizational networks,
191,Trophic cascade,Ecology,Effects at the top propagate down multiple levels in unexpected directions.,Ecosystems and platforms; Risk and uncertainty; Organizational ecology,
192,Mesopredator release,Ecology,"Removing top predators triggers explosive growth of mid-level ones, often worse for the system.",Competitive dynamics; Organizational ecology; Institutional theory,
193,Regime shift with hysteresis,Ecology,A lake flips from clear to turbid at a threshold and will not flip back at the same nutrient level.,Organizational change; Path dependence; Organizational culture,
194,Alternative stable states,Ecology,The same conditions can support two persistent configurations depending on history.,Path dependence; Organizational design; Organizational ecology,
195,Allee effect,Ecology,"Below a critical density, population growth rate turns negative and collapse follows.",Growth and scaling; Ecosystems and platforms; Organizational ecology,
196,Extinction debt,Ecology,Populations persist for generations after habitat loss has already doomed them.,Organizational decline; Organizational ecology; Temporality and timing,
197,Source-sink dynamics,Ecology,"Populations persist in habitats where they cannot reproduce, sustained by immigration from elsewhere.",Resource allocation; Organizational ecology; Exit and divestiture,
198,Metapopulation rescue effect,Ecology,"Local extinctions are offset by recolonization from other patches, stabilizing the whole.",Resilience; Organizational ecology; Resource allocation,
199,Ecological and evolutionary traps,Ecology,"Reliable cues become misleading; turtles follow streetlights, insects lay eggs on plastic.",Rules and bureaucracy; Decision making; Adaptation,
200,Niche construction,Ecology,Organisms modify selection pressures acting on themselves and their descendants.,Institutional entrepreneurship; Strategy; Ecosystems and platforms,
201,Ghost of competition past,Ecology,Current non-overlapping niches may reflect a competitive exclusion that ended long ago.,Path dependence; Organizational design; Competitive dynamics,
202,Response diversity and the insurance hypothesis,Ecology,"Species that look functionally redundant respond differently to disturbance, stabilizing function.",Diversity; Resilience; Reliability and safety,
203,Cryptic species complexes,Ecology,What was classified as one species turns out to be several reproductively isolated ones.,Categories and classification; Organizational ecology; Diversity,
204,Ring species,Ecology,"Adjacent populations interbreed all the way around a barrier, but the two ends cannot.",Categories and classification; Organizational identity; Boundaries of the firm,
205,Batesian mimicry,Ecology,A harmless species imitates a dangerous one and benefits only while it stays rare.,Legitimacy; Isomorphism; Impression management,
206,Mullerian mimicry,Ecology,"Several genuinely defended species converge on one warning pattern, sharing the education cost.",Isomorphism; Legitimacy; Categories and classification,
207,Automimicry,Ecology,"Within one species some individuals are toxic and others are not, free-riding on the shared reputation.",Reputation; Trust and opportunism; Legitimacy,
208,Aposematism,Ecology,Conspicuous warning coloration works only if the signal is genuinely backed by cost.,Signaling; Reputation; Legitimacy,
209,Masquerade versus crypsis,Ecology,"Hiding by being invisible differs from hiding by resembling something irrelevant, like a twig.",Impression management; Strategy; Legitimacy,
210,Handicap principle,Ecology,Signals are credible precisely because they are wasteful and unaffordable to weak signalers.,Signaling; Legitimacy; Impression management,
211,Sensory drive,Ecology,"Signals evolve to fit the noise properties of the local channel, diverging across environments.",Communication; Signaling; Adaptation,
212,Fisherian runaway,Ecology,Preference and trait co-evolve into escalating extremes disconnected from any survival benefit.,Competitive dynamics; Isomorphism; Signaling,
213,Punctuated equilibrium,Ecology,Long periods of stasis are interrupted by geologically rapid change.,Organizational change; Adaptation; Temporality and timing,
214,Exaptation,Ecology,Feathers evolved for insulation and were later co-opted for flight.,Routines and capabilities; Innovation; Adaptation,
215,Spandrels,Ecology,Structural byproducts with no original function can later acquire one.,Innovation; Organizational design; Routines and capabilities,
216,Vestigial structures,Ecology,Non-functional remnants persist because removing them costs more than keeping them.,Routines and capabilities; Path dependence; Rules and bureaucracy,
217,Convergent evolution,Ecology,Unrelated lineages independently arrive at near-identical solutions.,Isomorphism; Organizational design; Organizational ecology,
218,Homoplasy,Ecology,Similar traits mislead reconstruction of lineage and relatedness.,Isomorphism; Categories and classification; Path dependence,
219,Specialization dead ends,Ecology,Highly specialized lineages rarely revert and go extinct faster when conditions change.,Routines and capabilities; Adaptation; Organizational decline,
220,Founder effects and bottlenecks,Ecology,Small founding groups fix arbitrary traits that persist for the life of the population.,Imprinting; Entrepreneurship; Path dependence,
221,Genetic drift in small populations,Ecology,In small populations chance dominates selection and useful traits can be lost.,Organizational ecology; Risk and uncertainty; Competitive dynamics,
222,Bet hedging,Ecology,"Seeds germinate across multiple years, lowering mean success but reducing variance across generations.",Risk and uncertainty; Exploration and exploitation; Resource allocation,
223,Terminal investment,Ecology,Organisms facing death increase reproductive effort sharply.,Organizational decline; Agency and incentives; Resource allocation,
224,Phenological mismatch,Ecology,Partners that once synchronized now respond to different cues and their timing decouples.,Alliances; Coordination; Temporality and timing,
225,Facilitation cascades,Ecology,"One species creates habitat for a second, which creates habitat for a third.",Ecosystems and platforms; Interorganizational networks; Organizational ecology,
226,Trophic downgrading,Ecology,The loss of large apex organisms destabilizes systems in ways visible only decades later.,Organizational decline; Ecosystems and platforms; Risk and uncertainty,
227,Meiotic drive and selfish genetic elements,Genomic,Genes that bias their own transmission spread even while harming the organism.,Agency and incentives; Power and politics; Governance,
228,Transposable elements and genome defense,Genomic,Mobile parasitic sequences make up much of the genome and require dedicated suppression systems.,Governance; Rules and bureaucracy; Organizational pathology,
229,Genomic imprinting conflict,Genomic,"Maternal and paternal copies of a gene are expressed differently, reflecting opposed parental interests.",Alliances; Governance; Agency and incentives,
230,Wolbachia cytoplasmic incompatibility,Genomic,An inherited bacterium makes uninfected and infected individuals unable to reproduce together.,Mergers and acquisitions; Organizational culture; Alliances,
231,Whole genome duplication,Genomic,"Sudden doubling gives redundant copies, most of which are lost while a few acquire new functions.",Mergers and acquisitions; Routines and capabilities; Exit and divestiture,
232,Subfunctionalization,Genomic,"Duplicate genes each lose part of the ancestral function, so both become necessary.",Modularity; Routines and capabilities; Resource dependence,
233,Pseudogenes,Genomic,Broken duplicates persist in the genome and are occasionally reactivated.,Organizational memory; Routines and capabilities; Path dependence,
234,Muller's ratchet,Genomic,Asexual lineages irreversibly accumulate deleterious mutations with no mechanism to purge them.,Organizational decline; Knowledge transfer; Boundaries of the firm,
235,Evolutionary capacitance,Genomic,"Hsp90 buffers hidden genetic variation, releasing it all at once when stress overwhelms the buffer.",Diversity; Crisis management; Organizational slack,
236,Canalization,Genomic,Development produces the same outcome across a wide range of conditions and perturbations.,Organizational change; Routines and capabilities; Adaptation,
237,Genetic assimilation,Genomic,A trait first induced by the environment becomes genetically fixed and no longer requires the trigger.,Organizational change; Routines and capabilities; Rules and bureaucracy,
238,Baldwin effect,Genomic,Learned behaviors change selection pressures and are gradually encoded.,Organizational learning; Evolutionary theory; Adaptation,
239,Degeneracy,Genomic,"Structurally different components perform the same function, unlike simple redundancy.",Modularity; Resilience; Diversity,
240,Modularity and evolvability,Genomic,"Modular architectures allow change in one part without breaking others, raising the rate of adaptation.",Modularity; Organizational design; Adaptation,
241,Robustness-fragility tradeoff,Genomic,Systems optimized against expected disturbances become acutely fragile to unanticipated ones.,Reliability and safety; Risk and uncertainty; Organizational design,
242,Kleiber's law,Genomic,"Metabolic rate scales sublinearly with mass, so larger organisms need less energy per unit.",Growth and scaling; Organizational design; Resource allocation,
243,Allometry,Genomic,"Parts grow at different rates than the whole, so shape changes systematically with size.",Growth and scaling; Organizational design; Rules and bureaucracy,
244,Heterochrony and paedomorphosis,Genomic,"Shifting developmental timing produces adults that retain juvenile traits, often with more plasticity.",Growth and scaling; Organizational change; Entrepreneurship,
245,Phylogenetic inertia,Genomic,"Available solutions are constrained by ancestry, not by what would be optimal.",Path dependence; Imprinting; Organizational design,
246,Symmorphosis,Genomic,"Capacities across subsystems are matched, with no component built beyond system-level need.",Resource allocation; Organizational design; Routines and capabilities,
247,Homeostasis versus allostasis,Genomic,Stability can be held by defending a set point or by continuously shifting set points in anticipation.,Governance; Adaptation; Decision making,
248,Allostatic load,Genomic,The cumulative physiological cost of repeated adaptive responses eventually damages the system.,Stress and wellbeing; Organizational change; Organizational decline,
249,Hormesis,Genomic,Low doses of a stressor improve function while high doses harm it.,Stress and wellbeing; Adaptation; Resilience,
250,Immunological memory and original antigenic sin,Genomic,"First exposure shapes all later responses, sometimes producing a poorly matched reaction to new threats.",Imprinting; Organizational memory; Crisis management,
251,Clonal selection,Genomic,Cells that happen to match a threat are amplified massively while the rest stay dormant.,Resource allocation; Innovation; Exploration and exploitation,
252,Affinity maturation,Genomic,Antibody genes hypermutate locally and the best binders are iteratively selected within days.,Innovation; Search and attention; Organizational learning,
253,Thymic negative selection,Genomic,Immature immune cells that react against self are destroyed before ever being deployed.,Selection and staffing; Governance; Organizational culture,
254,Autoimmunity,Genomic,Defense systems misidentify the organization's own tissue as foreign and attack it.,Organizational pathology; Governance; Rules and bureaucracy,
255,Chronic inflammation,Genomic,A response that is protective when acute becomes the primary source of damage when persistent.,Organizational pathology; Crisis management; Rules and bureaucracy,
256,Cytokine storm,Genomic,Amplifying feedback among defense signals produces a lethal overreaction to a manageable threat.,Crisis management; Organizational pathology; Reliability and safety,
257,Fever,Genomic,A costly system-wide change is imposed to disadvantage an invader more than the host.,Crisis management; Competitive dynamics; Strategy,
258,Immune tolerance of the fetus,Genomic,The system must actively suppress rejection of a partly foreign entity it is designed to attack.,Mergers and acquisitions; Organizational identity; Governance,
259,Microbiome and gut-brain axis,Genomic,Resident microbes influence host behavior and decision-making through metabolic signaling.,Resource dependence; Decision making; Ecosystems and platforms,
260,Germ-free animal abnormality,Genomic,Animals raised without microbes develop abnormal immune systems and behavior.,Ecosystems and platforms; Organizational learning; Entrepreneurship,
261,Microbiome transplantation,Genomic,Transferring an entire microbial community can resolve conditions no single intervention treats.,Organizational culture; Organizational change; Knowledge transfer,
262,Circadian entrainment and desynchrony,Genomic,Internal clocks free-run near but not exactly at 24 hours and must be reset daily by external cues.,Temporality and timing; Coordination; Stress and wellbeing,
263,Photoperiodism,Genomic,"Organisms plan months ahead using day length, the one cue that never lies, rather than temperature.",Decision making; Temporality and timing; Search and attention,
264,Transgenerational epigenetic inheritance,Genomic,Stress experienced by one generation alters gene regulation in descendants who never experienced it.,Imprinting; Organizational memory; Organizational culture,
265,Countergradient variation,Genomic,"Genetic and environmental effects oppose each other, hiding real differences in the observed phenotype.",Categories and classification; Adaptation; Organizational ecology,
266,Predictive adaptive response,Genomic,Early-life conditions set a developmental trajectory that pays off only if the forecast proves right.,Strategy; Risk and uncertainty; Imprinting,
267,Anticipatory plasticity failure,Genomic,Organisms primed for a predicted environment perform worse than unprimed ones when the prediction fails.,Strategy; Risk and uncertainty; Adaptation,
268,Principle of allocation,Genomic,Energy spent on growth is unavailable for defense or reproduction; no trait is free.,Resource allocation; Strategy; Exploration and exploitation,
269,Semelparity versus iteroparity,Genomic,One catastrophic reproductive event versus repeated modest ones are both stable strategies.,Strategy; Risk and uncertainty; Temporality and timing,
270,Hybrid vigor and hybrid breakdown,Genomic,First-generation crosses outperform both parents; the second generation often collapses.,Mergers and acquisitions; Organizational culture; Temporality and timing,
271,Domestication syndrome,Genomic,Selection for tameness across many species produces the same cluster of unrelated traits.,Selection and staffing; Organizational culture; Diversity,
